# Planet/200	Mp (Me)	Rp (Re)	Core M (Me)	Surface Radius (Re)	Teq (K)	WMF	gravity(m/s^2)	scale height (m)	lambda	sep (au)	period (days)	G-Star Type	Mstar (Msun)	Lstar (Lsun)	Fxuv (W/m^2)
1	1.86178	2.17462	1.42439	1.10010	951.847	0.23493	3.86592	113633.836	121.9	0.01641	1.144	1	0.45107	0.03685	772.60931
2	3.78423	2.57179	2.12570	1.23148	922.752	0.43827	5.61821	75801.867	216.2	0.02030	1.473	1	0.51403	0.04977	658.54101
3	5.87680	2.46620	4.06894	1.46411	935.139	0.30763	9.48797	45487.915	345.4	0.00250	0.111	0	0.16798	0.00080	1153.62897
4	4.41784	2.65643	2.31723	1.26057	1391.994	0.47548	6.14758	104502.315	161.9	0.00459	0.195	0	0.33894	0.01320	3997.22274
5	2.62070	2.24894	1.91989	1.19538	972.745	0.26741	5.08807	88234.514	162.4	0.00731	0.418	0	0.29885	0.00798	1013.52907
6	7.04055	2.31961	5.74542	1.59888	646.655	0.18395	12.84893	23227.304	636.2	0.06489	6.922	1	0.76097	0.12271	142.94659
7	8.97474	2.70507	5.58494	1.58639	1234.554	0.37770	12.04358	47309.409	364.3	0.00032	0.008	0	0.07979	0.00004	5145.21775
8	14.62486	2.52190	12.63654	1.92896	920.320	0.13596	22.58018	18810.673	854.1	0.00271	0.124	0	0.17221	0.00088	1068.65927
9	2.08844	1.52951	2.07278	1.22220	1098.958	0.00750	8.76610	57858.572	168.4	0.02349	1.479	1	0.79098	0.13413	1180.18524
10	13.89898	2.50140	12.00495	1.90689	1274.412	0.13627	21.81258	26964.717	591.0	0.00964	0.503	1	0.47169	0.04084	2452.64912
11	1.65748	2.40130	1.09703	1.02338	1353.208	0.33813	2.82258	221264.358	69.1	0.00786	0.384	1	0.43852	0.03454	3180.52919
12	2.71580	1.55796	2.70270	1.31163	945.100	0.00482	10.98686	39700.596	250.0	0.02888	2.101	1	0.72824	0.11091	659.89563
13	11.20474	2.62871	8.20299	1.74484	1463.334	0.26790	15.92238	42415.908	394.8	0.00388	0.154	0	0.32765	0.01152	4962.81135
14	3.83368	2.10569	3.21642	1.37478	603.229	0.16101	8.49023	32791.053	409.1	0.01701	1.524	0	0.28266	0.00638	154.03727
15	7.01639	2.87180	3.11357	1.36400	1059.617	0.55624	8.35402	58539.169	312.5	0.01948	1.250	1	0.63077	0.07969	1083.54806
16	5.27081	2.41346	3.73721	1.42935	1386.726	0.29096	8.88561	72027.210	213.5	0.00496	0.215	0	0.35093	0.01517	3871.34727
17	18.28769	3.08383	10.29206	1.84108	768.608	0.43721	18.88286	18785.817	1045.8	0.05495	4.989	1	0.88933	0.17562	273.77621
18	17.01472	3.24515	6.96724	1.67390	789.758	0.59052	15.86524	22974.214	899.9	0.03720	3.216	1	0.66413	0.08973	329.78268
19	16.69860	3.15022	8.01795	1.73631	1126.967	0.51984	16.52305	31478.507	637.6	0.02311	1.421	1	0.81460	0.14352	1295.04648
20	4.01099	2.15551	3.28596	1.38207	574.264	0.18076	8.47702	31265.215	439.2	0.01251	1.064	0	0.23077	0.00284	139.86307
21	7.21429	2.28201	6.06750	1.61865	1396.350	0.15896	13.60342	47373.914	306.9	0.00073	0.020	0	0.13548	0.00034	6399.50504
22	18.62435	3.16008	9.52417	1.80570	948.967	0.48862	18.31367	23914.911	841.9	0.03786	2.793	1	0.92804	0.19370	629.09150
23	18.66236	2.51855	17.19242	2.06865	645.910	0.07877	28.89048	10318.355	1555.1	0.06153	6.547	1	0.72509	0.10981	144.13020
24	2.88599	1.68366	2.81326	1.32628	1305.096	0.02520	9.99722	60249.892	178.0	0.00353	0.145	0	0.27862	0.00603	3398.89572
25	5.25397	2.05599	4.74773	1.52039	658.437	0.09635	12.20489	24898.492	526.1	0.06420	6.736	1	0.77794	0.12909	152.75554
26	6.65928	2.39728	5.05827	1.54487	911.823	0.24042	11.37838	36984.808	413.0	0.02676	1.998	1	0.64022	0.08247	591.78145
27	16.83658	2.44362	15.66308	2.02809	1310.472	0.06970	27.68701	21844.627	712.7	0.01402	0.732	1	0.68563	0.09655	2478.91026
28	6.39112	2.66770	3.66135	1.42140	1403.130	0.42712	8.81847	73434.108	231.4	0.00160	0.052	0	0.20154	0.00165	5334.03331
29	12.41253	2.52394	10.23861	1.83861	609.047	0.17514	19.13339	14691.016	1094.5	0.04880	5.383	1	0.53516	0.05461	123.62423
30	11.42984	2.24247	10.72973	1.86124	1047.353	0.06125	22.31920	21657.454	659.7	0.00405	0.192	0	0.23940	0.00328	1519.50336
31	13.65728	2.58305	11.11765	1.87587	1339.655	0.18595	20.09970	30760.724	535.0	0.00888	0.442	1	0.47909	0.04233	2982.11965
32	4.81683	2.16551	4.02695	1.45971	890.221	0.16398	10.08625	40734.381	338.7	0.01035	0.674	0	0.32532	0.01120	682.10197
33	15.85615	2.32508	15.26804	2.01762	908.037	0.03709	28.80126	14550.738	1018.0	0.01626	1.174	0	0.41600	0.02995	655.88938
34	4.58159	2.57243	2.65756	1.30565	726.133	0.41995	6.79863	49293.244	332.5	0.05534	5.282	1	0.81058	0.14189	223.49794
35	10.70143	2.56294	8.15023	1.74241	684.852	0.23840	15.99760	19757.626	826.4	0.05744	5.783	1	0.75624	0.12096	180.13122
36	5.45942	2.52362	3.50784	1.40532	1318.172	0.35747	8.41764	72272.766	222.5	0.01978	1.051	1	0.93475	0.19694	2337.62714
37	3.51768	1.96456	3.16576	1.36947	875.418	0.10004	8.94984	45143.329	277.3	0.02653	2.052	1	0.59208	0.06890	513.46120
38	2.79321	2.32984	1.93377	1.19781	1068.545	0.30769	5.05290	97599.005	152.1	0.01932	1.230	1	0.63552	0.08108	1118.27731
39	18.48109	3.07139	10.66316	1.85817	937.512	0.42302	19.23751	22491.643	870.0	0.04036	3.021	1	0.96054	0.20966	593.87480
40	3.30137	2.08704	2.74676	1.31747	750.884	0.16799	7.44260	46563.017	285.6	0.02750	2.436	1	0.46774	0.04006	296.26468
41	5.15278	2.71127	2.58732	1.29635	764.428	0.49788	6.88317	51255.590	337.0	0.04268	3.829	1	0.70707	0.10363	284.65997
42	2.62863	1.61057	2.60152	1.29823	679.995	0.01031	9.95089	31538.191	325.3	0.04085	4.047	1	0.55533	0.05946	190.18495
43	12.44249	3.04975	5.70914	1.59618	621.824	0.54116	13.13622	21846.917	889.4	0.09017	10.166	1	0.94625	0.20256	115.38887
44	9.85785	2.01734	9.78958	1.81793	1482.825	0.00693	23.78561	28771.904	446.7	0.01094	0.505	1	0.68510	0.09637	4064.43435
45	11.98118	2.79760	7.62788	1.71447	981.862	0.36335	15.03212	30145.556	591.2	0.03230	2.290	1	0.85774	0.16160	736.07002
46	15.84939	2.73824	12.05568	1.90866	877.965	0.23936	20.75683	19521.307	893.7	0.04907	3.939	1	1.01564	0.23836	450.14773
47	4.23126	1.81520	4.08201	1.46548	613.635	0.03527	12.60991	22459.032	514.9	0.00602	0.412	0	0.17105	0.00086	211.94394
48	17.18547	3.17836	7.98938	1.73500	909.116	0.53511	16.70494	25116.982	806.2	0.01082	0.705	0	0.33976	0.01333	726.40301
49	14.05865	2.84593	9.12478	1.78730	612.908	0.35095	17.04456	16595.960	1092.5	0.02246	2.140	0	0.33004	0.01187	152.19423
50	19.05060	2.97493	12.50075	1.92422	843.266	0.34381	21.13707	18412.504	1029.4	0.00209	0.094	0	0.13867	0.00037	841.08296
51	4.80262	2.72285	2.32838	1.26204	507.338	0.51519	6.36094	36810.299	471.3	0.07568	10.069	1	0.57039	0.06323	58.50650
52	15.41388	2.62221	12.68962	1.93082	1219.988	0.17674	22.01248	25578.771	653.1	0.01868	1.058	1	0.77707	0.12876	1800.90793
53	1.01240	3.03143	0.49291	0.81239	1248.210	0.51313	1.08180	532516.333	36.3	0.01548	0.849	1	0.68683	0.09693	2039.38294
54	17.38342	3.23914	7.36723	1.69846	1170.141	0.57619	16.26922	33194.378	621.7	0.00295	0.122	0	0.22836	0.00272	2423.73699
55	17.60414	2.85722	12.56580	1.92649	1446.553	0.28620	21.17479	31528.847	577.4	0.00820	0.379	1	0.51059	0.04901	3984.47174
56	7.83198	2.95826	3.15037	1.36786	1279.288	0.59776	8.78797	67185.086	280.5	0.01101	0.578	1	0.53322	0.05415	2408.80218
57	9.35843	2.79035	5.35169	1.56800	1129.199	0.42814	11.80253	44155.839	402.6	0.00701	0.368	0	0.33965	0.01331	1729.22641
58	1.87300	2.07108	1.52112	1.12142	856.351	0.18787	4.28779	92174.483	143.2	0.00847	0.535	0	0.28312	0.00643	625.10847
59	9.95576	2.66699	6.73345	1.65955	1423.945	0.32366	13.74430	47814.964	355.4	0.01655	0.813	1	0.91516	0.18757	3200.94513
60	12.40681	2.91137	6.98571	1.67504	1198.677	0.43695	14.37327	38489.277	481.9	0.00094	0.029	0	0.13178	0.00030	3524.79992
61	13.90976	2.31090	13.15677	1.94715	1408.986	0.05413	25.57682	25424.542	579.1	0.00918	0.438	1	0.53848	0.05539	3535.08775
62	14.05807	2.93780	8.18144	1.74384	1194.140	0.41803	15.99457	34456.861	543.2	0.00297	0.122	0	0.23398	0.00300	2597.15983
63	19.40291	3.21855	9.36788	1.79850	1258.889	0.51719	18.39230	31589.615	649.1	0.02047	1.135	1	0.88876	0.17536	1970.60084
64	8.51565	2.68363	5.30598	1.56440	641.654	0.37691	11.61085	25505.274	670.3	0.01250	1.006	0	0.25779	0.00442	206.35355
65	13.92399	2.48186	12.18373	1.91314	1332.349	0.12498	22.19724	27702.060	570.8	0.01976	1.040	1	0.95132	0.20506	2428.60292
66	3.72121	2.12645	3.07094	1.35953	1122.133	0.17475	8.08099	64087.383	211.4	0.00761	0.409	0	0.35161	0.01528	1658.31707
67	1.29730	2.24669	0.97545	0.98918	1231.933	0.24809	2.52375	225285.675	63.5	0.01102	0.598	1	0.49957	0.04661	2108.41300
68	7.46309	2.80065	3.80891	1.43686	1134.130	0.48963	9.34310	56022.819	318.5	0.01736	1.042	1	0.64233	0.08309	1415.10029
69	16.72248	2.92716	10.83880	1.86612	882.505	0.35184	19.16452	21252.606	877.5	0.02644	2.029	1	0.59856	0.07064	528.73895
70	9.83878	2.30757	8.76566	1.77076	567.018	0.10907	18.14361	14423.357	1019.3	0.10535	13.002	1	0.92279	0.19119	80.30559
71	15.42301	3.06853	7.97818	1.73448	557.115	0.48271	16.08420	15985.946	1222.9	0.04584	5.441	1	0.43403	0.03373	91.63090
72	16.95265	2.36060	16.30215	2.04504	1432.284	0.03837	29.87341	22127.756	679.7	0.01702	0.833	1	0.94759	0.20321	3246.75511
73	4.66916	1.85355	4.48995	1.50006	771.126	0.03838	13.34500	26668.564	442.8	0.04319	3.850	1	0.72544	0.10993	292.75859
74	12.43858	2.92105	6.93742	1.67207	1396.230	0.44227	14.31475	45015.941	413.4	0.00371	0.149	0	0.30540	0.00870	4256.58172
75	19.57378	2.75240	15.93470	2.03529	1011.056	0.18592	25.37128	18391.873	953.4	0.00535	0.277	0	0.26573	0.00499	1253.14013
76	12.61197	2.69654	9.09850	1.78609	869.783	0.27858	17.03173	23569.231	728.9	0.02542	1.971	1	0.56406	0.06163	506.95323
77	2.01358	1.65151	1.93666	1.19832	778.714	0.03820	7.24931	49576.298	212.2	0.00313	0.162	0	0.15649	0.00060	575.05036
78	13.69025	2.41327	12.40052	1.92071	1155.155	0.09421	23.08297	23096.255	665.7	0.02530	1.532	1	0.92006	0.18989	1384.38186
79	4.89445	2.13433	4.18328	1.47589	1020.817	0.14530	10.55043	44655.069	304.5	0.01206	0.763	0	0.40285	0.02634	1063.82660
80	11.67206	2.41321	10.14919	1.83449	1077.561	0.13047	19.68104	25268.936	608.4	0.00772	0.425	0	0.34022	0.01340	1432.78954
81	12.78274	2.97316	6.69557	1.65722	742.040	0.47620	14.19965	24118.085	785.4	0.01999	1.681	0	0.37695	0.02019	306.64224
82	16.75756	2.75856	12.83124	1.93577	506.012	0.23430	21.62408	10799.811	1627.3	0.07983	10.682	1	0.59477	0.06962	57.24755
83	11.37183	2.76763	7.28903	1.69366	847.242	0.35903	14.57829	26822.177	657.4	0.02836	2.266	1	0.59264	0.06905	450.36419
84	16.03047	2.76780	11.91677	1.90380	1057.392	0.25662	20.54787	23749.931	742.5	0.00722	0.394	0	0.32284	0.01086	1362.75955
85	17.08761	2.58138	14.92746	2.00858	549.015	0.12642	25.18079	10062.552	1634.4	0.00221	0.125	0	0.09275	0.00007	186.02103
86	15.46955	2.73724	11.69487	1.89605	520.830	0.24401	20.27415	11856.228	1470.9	0.11461	15.314	1	0.85653	0.16108	58.29934
87	11.12486	2.87408	6.21396	1.62765	1483.850	0.44144	13.22479	51783.839	353.6	0.00048	0.011	0	0.11716	0.00019	8793.60591
88	15.97534	2.60778	13.43269	1.95679	1056.507	0.15916	23.06738	21138.161	786.0	0.01493	0.944	1	0.49812	0.04630	1141.40607
89	18.51154	3.18966	8.98447	1.78084	1076.191	0.51466	17.86673	27799.512	731.0	0.00139	0.050	0	0.14410	0.00043	2187.80998
90	19.33288	3.15992	10.19636	1.83667	1167.550	0.47259	19.01236	28342.121	710.3	0.02333	1.393	1	0.87365	0.16858	1464.58046
91	18.66769	2.81943	14.16962	1.98255	522.115	0.24095	23.05999	10449.618	1719.0	0.06456	8.291	1	0.52218	0.05161	67.21336
92	16.43932	2.79385	12.06283	1.90891	1264.509	0.26622	20.68091	28219.249	630.8	0.00468	0.210	0	0.31084	0.00934	2839.10454
93	4.17402	2.80269	1.74091	1.16398	1337.465	0.58292	5.21790	118298.700	150.9	0.00798	0.395	1	0.43522	0.03394	3041.34969
94	14.61265	3.07060	7.23361	1.69026	1409.831	0.50498	15.21855	42754.968	457.6	0.00758	0.357	1	0.45608	0.03780	3707.22785
95	3.08348	2.49123	1.85301	1.18365	1119.558	0.39905	4.87870	105909.696	149.9	0.01373	0.821	1	0.51205	0.04933	1428.51606
96	9.81062	2.79385	5.71887	1.59695	1432.881	0.41707	12.34183	53582.592	332.2	0.01455	0.705	1	0.82730	0.14871	3370.57259
97	14.56755	2.51129	12.67016	1.93014	847.693	0.13025	22.68209	17248.391	927.6	0.04469	3.676	1	0.88094	0.17183	406.08373
98	1.22361	2.23738	0.93218	0.97701	1035.278	0.23817	2.40023	199066.134	71.6	0.00709	0.390	0	0.31317	0.00962	1270.97738
99	19.89204	2.73838	16.47191	2.04954	601.227	0.17193	26.04851	10652.429	1637.8	0.00349	0.211	0	0.12756	0.00026	226.84963
100	2.79293	2.15818	2.19581	1.24378	1127.984	0.21380	5.88810	88413.891	155.5	0.01664	1.001	1	0.61328	0.07470	1401.98980
101	3.44707	2.35079	2.39133	1.27038	510.931	0.30627	6.12510	38498.376	389.0	0.12904	17.667	1	0.91838	0.18909	53.00945
102	12.37222	2.49400	10.39912	1.84601	629.280	0.15948	19.53199	14869.303	1068.6	0.05076	5.455	1	0.58613	0.06732	137.46831
103	15.49986	3.07525	7.93228	1.73237	1179.245	0.48824	16.09372	33817.412	579.4	0.00817	0.436	0	0.38288	0.02149	1941.23766
104	5.52931	1.94047	5.25378	1.56028	1292.115	0.04983	14.41944	41356.692	298.9	0.01760	0.944	1	0.81534	0.14382	2237.38211
105	3.07482	2.26810	2.25254	1.25200	1262.470	0.26743	5.86931	99271.959	145.6	0.01924	1.059	1	0.84621	0.15665	2019.07756
106	13.25457	2.88195	8.02197	1.73650	616.415	0.39478	15.67050	18154.475	1011.4	0.02303	2.202	0	0.33612	0.01276	154.33551
107	19.08418	3.28833	8.03795	1.73723	1282.176	0.57882	17.33058	34145.043	613.6	0.01093	0.572	1	0.53168	0.05379	2432.53677
108	18.88493	2.78809	14.75123	2.00288	1307.607	0.21889	23.85577	25297.451	702.2	0.00529	0.241	0	0.34186	0.01366	3099.63852
109	14.74469	2.25116	14.42095	1.99134	1088.877	0.02196	28.57022	17589.691	815.4	0.01447	0.890	1	0.51082	0.04906	1279.07784
110	18.25985	3.21614	8.38969	1.75344	1373.089	0.54054	17.33473	36557.348	560.5	0.00456	0.195	0	0.33321	0.01233	3815.91610
111	9.04241	2.14124	8.51143	1.75905	892.360	0.05872	19.36613	21266.225	641.5	0.02473	1.872	1	0.57584	0.06463	558.55097
112	4.91705	2.80524	2.12508	1.23137	1215.285	0.56781	6.13556	91414.843	195.5	0.01128	0.620	1	0.49792	0.04626	1998.52703
113	12.84404	2.96991	6.82066	1.66490	553.645	0.46896	14.29903	17869.716	1058.8	0.04034	4.682	0	0.39953	0.02548	92.41090
114	1.66874	2.71560	0.83896	0.94963	1300.609	0.49725	2.22203	270140.521	64.0	0.02268	1.230	1	1.02820	0.24519	2160.92927
115	2.87215	2.33574	1.97403	1.20487	871.131	0.31270	5.16950	77772.875	191.3	0.00372	0.189	0	0.19081	0.00133	814.57281
116	8.60358	2.50270	6.43439	1.64118	1304.420	0.25213	13.48819	44633.089	357.2	0.01214	0.631	1	0.60023	0.07110	2521.82995
117	14.29781	2.46261	12.75430	1.93308	954.967	0.10795	23.15088	19037.677	824.1	0.03920	2.882	1	0.96701	0.21292	638.22879
118	5.47456	2.42315	3.88370	1.44470	1419.392	0.29059	9.15545	71550.975	215.8	0.00539	0.236	0	0.37431	0.01963	4119.06333
119	11.89475	2.43421	10.26484	1.83982	1425.650	0.13703	19.71200	33379.142	464.6	0.00598	0.268	0	0.39597	0.02458	4080.49530
120	3.53671	2.21686	2.73546	1.31597	1376.943	0.22655	7.06669	89927.539	157.1	0.00987	0.483	1	0.55105	0.05841	3204.24233
121	14.26325	2.21077	14.08139	1.97947	635.875	0.01275	28.65636	10241.031	1375.3	0.04255	4.480	1	0.51199	0.04932	148.66164
122	19.06317	3.15033	10.06429	1.83058	778.005	0.47206	18.86145	19037.079	1054.3	0.02674	2.292	1	0.48549	0.04365	337.99793
123	9.68319	2.05762	9.49939	1.80456	1201.643	0.01898	22.45845	24693.851	530.9	0.00324	0.136	0	0.24587	0.00365	2598.31467
124	17.03363	2.32143	16.63275	2.05381	755.014	0.02353	31.03748	11226.940	1317.4	0.02442	2.141	0	0.42393	0.03230	310.68969
125	2.90016	2.53496	1.66429	1.15054	1322.875	0.42614	4.43172	137765.276	117.2	0.00100	0.030	0	0.15027	0.00051	4889.11984
126	7.44401	2.80508	3.74657	1.43033	793.127	0.49670	9.28982	39402.923	453.5	0.00428	0.237	0	0.18649	0.00121	566.21157
127	13.31611	2.93139	7.59675	1.71256	969.561	0.42951	15.21675	29406.691	635.1	0.01516	1.034	1	0.43467	0.03385	840.20975
128	3.04860	2.45545	1.89617	1.19122	1143.164	0.37802	4.96511	106260.634	147.2	0.02870	1.769	1	1.00837	0.23445	1296.27366
129	1.11667	2.68520	0.64005	0.87743	640.754	0.42682	1.52076	194456.496	88.0	0.03518	3.634	1	0.43977	0.03477	159.75891
130	1.63861	2.92956	0.65885	0.88426	1372.136	0.59792	1.87483	337775.545	55.3	0.00932	0.455	1	0.52084	0.05130	3208.33851
131	5.08055	2.26654	4.01132	1.45807	895.341	0.21045	9.71120	42550.895	339.4	0.01322	0.913	0	0.36985	0.01871	655.92067
132	6.31702	2.23803	5.31085	1.56478	1408.342	0.15928	12.38427	52484.486	271.7	0.00423	0.175	0	0.32904	0.01172	4249.02984
133	5.27677	2.81701	2.28740	1.25662	1247.430	0.56651	6.52953	88171.215	203.5	0.01572	0.864	1	0.69547	0.09976	2027.50165
134	17.94551	2.92326	12.08731	1.90977	736.970	0.32644	20.62108	16494.202	1129.1	0.03306	3.012	1	0.53145	0.05374	265.53323
135	3.54634	2.48964	2.16546	1.23845	1200.175	0.38938	5.61820	98591.754	160.9	0.01489	0.843	1	0.62011	0.07663	1791.51006
136	10.79409	2.94787	5.33039	1.56632	571.047	0.50618	12.19718	21607.543	869.2	0.00243	0.137	0	0.10108	0.00010	208.19822
137	8.33789	2.74984	4.77781	1.52276	518.592	0.42698	10.82759	22104.792	792.6	0.01480	1.381	0	0.22665	0.00264	93.85447
138	11.15970	2.65771	7.95596	1.73346	987.705	0.28708	15.51413	29382.773	576.3	0.03669	2.609	1	0.96804	0.21344	730.14611
139	6.92615	2.63882	4.20931	1.47794	1104.506	0.39226	9.76708	52191.100	322.1	0.00663	0.347	0	0.32316	0.01091	1621.58064
140	9.95665	2.85523	5.38645	1.57074	1316.855	0.45901	11.99280	50676.921	359.0	0.01773	0.936	1	0.84835	0.15756	2388.53300
141	18.10016	3.04815	10.59430	1.85500	1180.073	0.41468	19.12936	28470.924	682.1	0.00832	0.446	0	0.38667	0.02235	1937.51144
142	5.70631	2.24921	4.67202	1.51442	1474.436	0.18125	11.07611	61437.217	233.2	0.01320	0.620	1	0.79864	0.13713	3814.33830
143	8.59414	2.33681	7.25008	1.69127	1049.473	0.15639	15.45414	31341.469	475.0	0.00102	0.034	0	0.12033	0.00021	2170.28957
144	17.97189	3.05301	10.43498	1.84766	1291.603	0.41937	18.93340	31484.252	617.8	0.01303	0.686	1	0.62743	0.07873	2395.44931
145	18.22483	2.97842	11.63196	1.89385	1030.954	0.36175	20.17352	23585.790	804.5	0.00210	0.086	0	0.16993	0.00083	1694.23878
146	9.99210	2.80436	5.80298	1.60241	564.070	0.41924	12.47612	20866.346	856.2	0.11540	14.392	1	0.98983	0.22466	77.21492
147	13.57715	2.80339	9.05865	1.78425	975.564	0.33280	16.96415	26540.949	672.9	0.00374	0.181	0	0.21442	0.00211	1208.39041
148	17.96773	2.45093	16.84711	2.05949	1249.979	0.06237	29.37118	19641.490	795.0	0.00642	0.313	0	0.35981	0.01676	2525.04454
149	5.59732	2.76875	2.65091	1.30477	707.263	0.52640	7.16971	45527.313	387.5	0.05631	5.505	1	0.78608	0.13222	202.79829
150	18.79601	3.19878	9.12190	1.78717	1031.645	0.51469	18.03800	26395.820	772.1	0.03213	2.181	1	0.93050	0.19488	878.07101
151	10.22195	2.98329	4.61370	1.50982	1157.927	0.54865	11.27803	47384.999	401.1	0.01106	0.633	1	0.44984	0.03662	1693.31927
152	6.81976	2.82597	3.19106	1.37212	870.720	0.53209	8.38542	47923.263	375.7	0.01454	1.043	0	0.37729	0.02026	581.09088
153	4.21584	1.91119	3.92985	1.44954	1266.250	0.06784	11.33352	51564.124	236.1	0.00574	0.271	0	0.34475	0.01413	2714.64933
154	2.95264	1.94727	2.63295	1.30239	1351.621	0.10827	7.64627	81582.783	152.1	0.00064	0.017	0	0.12249	0.00023	5916.60419
155	13.25606	3.09368	5.83804	1.60456	903.078	0.55959	13.60053	30645.212	643.2	0.00304	0.145	0	0.17885	0.00102	972.02379
156	2.70373	1.62747	2.66950	1.30723	1005.082	0.01266	10.02371	46277.077	224.1	0.01926	1.293	1	0.56982	0.06308	901.44316
157	7.51792	2.58674	4.98931	1.53943	930.835	0.33634	11.03274	38938.773	423.2	0.04138	3.123	1	0.96958	0.21422	575.71965
158	12.49268	2.20592	12.08530	1.90969	1469.823	0.03261	25.20957	26908.686	522.3	0.01431	0.677	1	0.85226	0.15924	3702.64017
159	7.69576	2.70315	4.50562	1.50130	668.549	0.41453	10.34195	29834.837	577.2	0.07051	7.346	1	0.86666	0.16549	157.78437
160	6.19046	2.29040	5.00799	1.54090	774.335	0.19102	11.58751	30841.253	473.1	0.05619	5.077	1	0.91856	0.18918	279.63857
161	17.27397	2.67834	14.17695	1.98281	1453.845	0.17929	23.64562	28376.609	601.3	0.00264	0.096	0	0.26847	0.00520	5330.59678
162	4.12023	2.61035	2.23658	1.24988	887.928	0.45717	5.93765	69017.050	241.0	0.01503	1.077	0	0.39116	0.02341	617.60884
163	1.23070	2.94959	0.56507	0.84514	844.622	0.54086	1.38905	280631.566	67.0	0.01654	1.244	0	0.39032	0.02321	506.17547
164	10.91412	2.37644	9.55859	1.80729	580.541	0.12420	18.97687	14118.914	1072.3	0.04797	5.510	1	0.48505	0.04355	104.81494
165	4.55948	2.66672	2.36513	1.26691	1169.898	0.48127	6.29579	85761.255	198.1	0.02650	1.592	1	0.97925	0.21917	1432.79427
166	12.84797	3.00640	6.45182	1.64225	1272.100	0.49783	13.95826	42061.328	455.4	0.02210	1.220	1	0.96750	0.21317	2009.32440
167	2.31405	2.66307	1.14214	1.03607	514.260	0.50643	3.20403	74076.135	229.0	0.09153	12.184	1	0.68897	0.09763	58.71056
168	10.10006	3.00132	4.39132	1.49229	1352.076	0.56522	11.01003	56676.797	337.4	0.00902	0.445	1	0.49342	0.04530	3069.54359
169	18.80356	2.85965	13.79228	1.96936	1282.489	0.26651	22.57899	26214.539	695.0	0.01388	0.738	1	0.65482	0.08686	2302.01529
170	3.75868	2.33708	2.67122	1.30746	1275.240	0.28932	6.75740	87097.419	171.0	0.01255	0.666	1	0.59404	0.06942	2310.07495
171	19.36201	3.28445	8.32306	1.75037	583.470	0.57013	17.62450	15278.989	1369.5	0.03304	3.554	0	0.38108	0.02109	116.60586
172	6.15923	2.31360	4.90517	1.53280	1044.490	0.20361	11.29898	42663.637	345.5	0.03291	2.213	1	0.97071	0.21480	912.44226
173	6.19055	2.74594	3.13550	1.36630	806.845	0.49350	8.06191	46189.702	378.8	0.01298	0.940	0	0.33025	0.01189	456.92670
174	2.61934	2.25596	1.91284	1.19414	1196.464	0.26972	5.05384	109262.587	131.5	0.01917	1.106	1	0.76834	0.12546	1670.98038
175	10.99916	2.17503	10.54013	1.85250	1184.587	0.04173	22.83069	23946.427	578.7	0.01365	0.777	1	0.56200	0.06111	1745.90063
176	14.90722	3.07794	7.35486	1.69770	801.852	0.50662	15.45138	23950.793	818.7	0.01372	1.011	0	0.33748	0.01297	441.05861
177	2.63730	2.29712	1.87115	1.18683	1225.777	0.29051	4.90774	115271.647	127.0	0.00536	0.252	0	0.32241	0.01081	2462.64561
178	8.72418	2.75281	5.06446	1.54535	1130.794	0.41949	11.30484	46164.935	379.9	0.00225	0.089	0	0.19282	0.00138	2300.60663
179	17.81872	2.31889	17.56346	2.07849	1487.154	0.01433	32.53917	21093.199	700.4	0.01272	0.591	1	0.78529	0.13192	3965.33565
180	8.98866	2.97066	3.83515	1.43961	1267.169	0.57333	10.00182	58472.087	323.7	0.01795	0.981	1	0.80179	0.13838	2078.74926
181	11.43477	2.79361	7.14545	1.68485	629.939	0.37511	14.38754	20207.157	880.8	0.06518	7.114	1	0.72987	0.11148	130.16697
182	15.39350	3.08906	7.63443	1.71487	921.560	0.50405	15.84079	26849.714	733.0	0.00066	0.021	0	0.08538	0.00005	1541.97868
183	2.44702	2.69890	1.15310	1.03916	546.002	0.52877	3.29880	76388.974	225.1	0.12272	15.807	1	0.98670	0.22303	67.84320
184	17.59089	3.04402	10.21371	1.83747	982.904	0.41938	18.64157	24334.452	797.0	0.03439	2.445	1	0.90736	0.18392	728.32568
185	3.31422	2.74820	1.46311	1.10864	1191.858	0.55853	4.30898	127656.714	137.2	0.01672	0.959	1	0.67767	0.09399	1701.39172
186	9.82964	2.92271	4.79365	1.52401	509.463	0.51233	11.29941	20808.935	894.8	0.03257	3.736	0	0.33036	0.01191	72.62195
187	5.55978	2.11418	4.91640	1.53368	770.178	0.11572	12.21421	29101.714	462.8	0.06220	5.683	1	0.99398	0.22683	268.07650
188	9.17753	2.36075	7.76837	1.72310	1001.950	0.15354	16.17028	28597.078	525.9	0.03171	2.206	1	0.87428	0.16886	794.17037
189	11.26343	2.52791	8.99950	1.78153	1054.116	0.20100	17.30765	28108.857	573.0	0.01623	1.034	1	0.53338	0.05419	1110.31303
190	9.10621	2.71338	5.64120	1.59082	839.260	0.38051	12.14531	31891.921	542.0	0.05028	4.204	1	0.95915	0.20896	381.53668
191	7.30354	2.50798	5.16106	1.55297	692.519	0.29335	11.40185	28031.690	570.0	0.02736	2.577	0	0.41157	0.02869	223.02832
192	9.09641	2.30362	7.96694	1.73396	539.323	0.12417	16.83208	14787.821	992.5	0.00536	0.380	0	0.14181	0.00040	139.12559
193	4.85862	2.52446	3.02579	1.35443	1068.003	0.37723	7.48630	65841.295	244.3	0.00070	0.021	0	0.10153	0.00011	2541.37552
194	3.17905	2.52677	1.83774	1.18097	590.160	0.42192	4.88941	55706.550	289.0	0.00181	0.094	0	0.09022	0.00007	251.96951
195	17.97331	2.89914	12.44998	1.92244	1127.823	0.30731	20.99809	24788.733	745.1	0.01146	0.673	1	0.44322	0.03540	1530.16091
196	10.91668	2.29666	9.94985	1.82531	798.215	0.08856	20.32298	18126.974	807.2	0.00159	0.068	0	0.11426	0.00017	745.92852
197	15.14858	2.40304	14.04440	1.97817	1146.168	0.07289	25.75968	20535.296	745.5	0.02909	1.790	1	1.02473	0.24329	1304.45775
198	7.74392	2.11370	7.20747	1.68865	1321.524	0.06927	17.02018	35834.713	375.8	0.01326	0.685	1	0.66317	0.08943	2586.53625
199	2.43729	2.17078	1.87339	1.18722	684.783	0.23136	5.07887	62227.024	222.3	0.03336	3.242	1	0.47138	0.04078	204.49597
200	8.09384	2.72453	4.71751	1.51800	1420.064	0.41715	10.70687	61212.264	283.6	0.01600	0.786	1	0.88475	0.17355	3194.46613
