# Planet/200	Mp (kg)	Rp (m)	Core M (kg)	Surface Radius (m)	Teq (K)	WMF	gravity(m/s^2)	scale height (m)	lambda	sep (m)	period (days)	G-Star Type	Mstar (kg)	Lstar (W)	Fxuv (W/m^2)
1	1.11186e+25	1.38545e+07	8.50648e+24	7.00875e+06	951.847	2.34930e-01	3.86592e+00	113633.836	121.9	2.45556e+09	1.14367	1	8.96719e+29	1.41076e+25	7.72609e+02
2	2.25994e+25	1.63849e+07	1.26947e+25	7.84576e+06	922.752	4.38273e-01	5.61821e+00	75801.867	216.2	3.03653e+09	1.47321	1	1.02190e+30	1.90536e+25	6.58541e+02
3	3.50962e+25	1.57122e+07	2.42997e+25	9.32786e+06	935.139	3.07626e-01	9.48797e+00	45487.915	345.4	3.73951e+08	0.11137	0	3.33947e+29	3.04800e+23	1.15363e+03
4	2.63834e+25	1.69241e+07	1.38385e+25	8.03107e+06	1391.994	4.75485e-01	6.14758e+00	104502.315	161.9	6.87100e+08	0.19528	0	6.73816e+29	5.05209e+24	3.99722e+03
5	1.56508e+25	1.43280e+07	1.14656e+25	7.61575e+06	972.745	2.67414e-01	5.08807e+00	88234.514	162.4	1.09382e+09	0.41772	0	5.94110e+29	3.05332e+24	1.01353e+03
6	4.20462e+25	1.47783e+07	3.43117e+25	1.01864e+07	646.655	1.83953e-01	1.28489e+01	23227.304	636.2	9.70822e+09	6.92177	1	1.51282e+30	4.69733e+25	1.42947e+02
7	5.35971e+25	1.72340e+07	3.33533e+25	1.01069e+07	1234.554	3.77705e-01	1.20436e+01	47309.409	364.3	4.84070e+07	0.00753	0	1.58620e+29	1.55145e+22	5.14522e+03
8	8.73397e+25	1.60670e+07	7.54654e+25	1.22894e+07	920.320	1.35955e-01	2.25802e+01	18810.673	854.1	4.05796e+08	0.12434	0	3.42363e+29	3.36706e+23	1.06866e+03
9	1.24722e+25	9.74454e+06	1.23786e+25	7.78661e+06	1098.958	7.50206e-03	8.76610e+00	57858.572	168.4	3.51429e+09	1.47865	1	1.57247e+30	5.13431e+25	1.18019e+03
10	8.30047e+25	1.59364e+07	7.16936e+25	1.21488e+07	1274.412	1.36271e-01	2.18126e+01	26964.717	591.0	1.44208e+09	0.50333	1	9.37712e+29	1.56352e+25	2.45265e+03
11	9.89845e+24	1.52987e+07	6.55145e+24	6.51997e+06	1353.208	3.38134e-01	2.82258e+00	221264.358	69.1	1.17615e+09	0.38450	1	8.71771e+29	1.32211e+25	3.18053e+03
12	1.62188e+25	9.92579e+06	1.61405e+25	8.35640e+06	945.100	4.82360e-03	1.09869e+01	39700.596	250.0	4.32083e+09	2.10091	1	1.44773e+30	4.24548e+25	6.59896e+02
13	6.69147e+25	1.67475e+07	4.89882e+25	1.11164e+07	1463.334	2.67900e-01	1.59224e+01	42415.908	394.8	5.80996e+08	0.15444	0	6.51364e+29	4.41167e+24	4.96281e+03
14	2.28948e+25	1.34153e+07	1.92085e+25	8.75872e+06	603.229	1.61011e-01	8.49023e+00	32791.053	409.1	2.54455e+09	1.52397	0	5.61929e+29	2.44360e+24	1.54037e+02
15	4.19019e+25	1.82963e+07	1.85942e+25	8.69006e+06	1059.617	5.56244e-01	8.35402e+00	58539.169	312.5	2.91381e+09	1.25012	1	1.25397e+30	3.05071e+25	1.08355e+03
16	3.14773e+25	1.53762e+07	2.23186e+25	9.10640e+06	1386.726	2.90961e-01	8.88561e+00	72027.210	213.5	7.42172e+08	0.21545	0	6.97648e+29	5.80568e+24	3.87135e+03
17	1.09214e+26	1.96471e+07	6.14642e+25	1.17295e+07	768.608	4.37214e-01	1.88829e+01	18785.817	1045.8	8.22095e+09	4.98936	1	1.76799e+30	6.72273e+25	2.73776e+02
18	1.01612e+26	2.06748e+07	4.16084e+25	1.06644e+07	789.758	5.90517e-01	1.58652e+01	22974.214	899.9	5.56564e+09	3.21616	1	1.32030e+30	3.43470e+25	3.29783e+02
19	9.97240e+25	2.00700e+07	4.78832e+25	1.10620e+07	1126.967	5.19843e-01	1.65231e+01	31478.507	637.6	3.45680e+09	1.42145	1	1.61943e+30	5.49382e+25	1.29505e+03
20	2.39536e+25	1.37327e+07	1.96238e+25	8.80514e+06	574.264	1.80760e-01	8.47702e+00	31265.215	439.2	1.87150e+09	1.06387	0	4.58776e+29	1.08570e+24	1.39863e+02
21	4.30838e+25	1.45387e+07	3.62351e+25	1.03124e+07	1396.350	1.58962e-01	1.36034e+01	47373.914	306.9	1.09091e+08	0.01954	0	2.69328e+29	1.28954e+23	6.39951e+03
22	1.11225e+26	2.01329e+07	5.68783e+25	1.15041e+07	948.967	4.88618e-01	1.83137e+01	23914.911	841.9	5.66383e+09	2.79302	1	1.84495e+30	7.41494e+25	6.29091e+02
23	1.11452e+26	1.60457e+07	1.02673e+26	1.31793e+07	645.910	7.87653e-02	2.88905e+01	10318.355	1555.1	9.20475e+09	6.54661	1	1.44147e+30	4.20334e+25	1.44130e+02
24	1.72351e+25	1.07266e+07	1.68008e+25	8.44971e+06	1305.096	2.52026e-02	9.99722e+00	60249.892	178.0	5.28194e+08	0.14517	0	5.53902e+29	2.30695e+24	3.39890e+03
25	3.13767e+25	1.30987e+07	2.83535e+25	9.68638e+06	658.437	9.63526e-02	1.22049e+01	24898.492	526.1	9.60433e+09	6.73630	1	1.54654e+30	4.94165e+25	1.52756e+02
26	3.97692e+25	1.52731e+07	3.02080e+25	9.84235e+06	911.823	2.40418e-01	1.13784e+01	36984.808	413.0	4.00284e+09	1.99793	1	1.27276e+30	3.15689e+25	5.91781e+02
27	1.00548e+26	1.55683e+07	9.35399e+25	1.29210e+07	1310.472	6.96991e-02	2.76870e+01	21844.627	712.7	2.09680e+09	0.73195	1	1.36303e+30	3.69579e+25	2.47891e+03
28	3.81678e+25	1.69959e+07	2.18656e+25	9.05575e+06	1403.130	4.27119e-01	8.81847e+00	73434.108	231.4	2.39085e+08	0.05198	0	4.00652e+29	6.31506e+23	5.33403e+03
29	7.41276e+25	1.60800e+07	6.11450e+25	1.17138e+07	609.047	1.75139e-01	1.91334e+01	14691.016	1094.5	7.30069e+09	5.38266	1	1.06390e+30	2.09032e+25	1.23624e+02
30	6.82590e+25	1.42868e+07	6.40780e+25	1.18579e+07	1047.353	6.12522e-02	2.23192e+01	21657.454	659.7	6.05503e+08	0.19222	0	4.75932e+29	1.25744e+24	1.51950e+03
31	8.15613e+25	1.64566e+07	6.63946e+25	1.19512e+07	1339.655	1.85954e-01	2.00997e+01	30760.724	535.0	1.32863e+09	0.44166	1	9.52432e+29	1.62054e+25	2.98212e+03
32	2.87661e+25	1.37965e+07	2.40489e+25	9.29983e+06	890.221	1.63983e-01	1.00863e+01	40734.381	338.7	1.54767e+09	0.67383	0	6.46741e+29	4.28774e+24	6.82102e+02
33	9.46929e+25	1.48131e+07	9.11807e+25	1.28542e+07	908.037	3.70905e-02	2.88013e+01	14550.738	1018.0	2.43231e+09	1.17402	0	8.27002e+29	1.14639e+25	6.55889e+02
34	2.73613e+25	1.63889e+07	1.58709e+25	8.31830e+06	726.133	4.19949e-01	6.79863e+00	49293.244	332.5	8.27923e+09	5.28179	1	1.61142e+30	5.43157e+25	2.23498e+02
35	6.39090e+25	1.63285e+07	4.86732e+25	1.11009e+07	684.852	2.38398e-01	1.59976e+01	19757.626	826.4	8.59365e+09	5.78267	1	1.50341e+30	4.63045e+25	1.80131e+02
36	3.26037e+25	1.60780e+07	2.09488e+25	8.95327e+06	1318.172	3.57471e-01	8.41764e+00	72272.766	222.5	2.95983e+09	1.05134	1	1.85829e+30	7.53883e+25	2.33763e+03
37	2.10076e+25	1.25162e+07	1.89059e+25	8.72490e+06	875.418	1.00043e-01	8.94984e+00	45143.329	277.3	3.96931e+09	2.05152	1	1.17706e+30	2.63739e+25	5.13461e+02
38	1.66810e+25	1.48434e+07	1.15485e+25	7.63127e+06	1068.545	3.07686e-01	5.05290e+00	97599.005	152.1	2.89015e+09	1.23029	1	1.26341e+30	3.10379e+25	1.11828e+03
39	1.10369e+26	1.95678e+07	6.36804e+25	1.18384e+07	937.512	4.23023e-01	1.92375e+01	22491.643	870.0	6.03734e+09	3.02138	1	1.90954e+30	8.02566e+25	5.93875e+02
40	1.97158e+25	1.32965e+07	1.64036e+25	8.39359e+06	750.884	1.67994e-01	7.44260e+00	46563.017	285.6	4.11409e+09	2.43556	1	9.29877e+29	1.53363e+25	2.96265e+02
41	3.07724e+25	1.72735e+07	1.54515e+25	8.25903e+06	764.428	4.97878e-01	6.88317e+00	51255.590	337.0	6.38435e+09	3.82945	1	1.40565e+30	3.96699e+25	2.84660e+02
42	1.56982e+25	1.02609e+07	1.55363e+25	8.27101e+06	679.995	1.03124e-02	9.95089e+00	31538.191	325.3	6.11128e+09	4.04683	1	1.10400e+30	2.27598e+25	1.90185e+02
43	7.43065e+25	1.94299e+07	3.40950e+25	1.01693e+07	621.824	5.41157e-01	1.31362e+01	21846.917	889.4	1.34891e+10	10.16629	1	1.88115e+30	7.75384e+25	1.15389e+02
44	5.88711e+25	1.28525e+07	5.84634e+25	1.15820e+07	1482.825	6.92537e-03	2.37856e+01	28771.904	446.7	1.63623e+09	0.50476	1	1.36197e+30	3.68916e+25	4.06443e+03
45	7.15516e+25	1.78235e+07	4.55537e+25	1.09229e+07	981.862	3.63345e-01	1.50321e+01	30145.556	591.2	4.83245e+09	2.28963	1	1.70519e+30	6.18612e+25	7.36070e+02
46	9.46526e+25	1.74453e+07	7.19965e+25	1.21601e+07	877.965	2.39360e-01	2.07568e+01	19521.307	893.7	7.34014e+09	3.93895	1	2.01909e+30	9.12428e+25	4.50148e+02
47	2.52691e+25	1.15646e+07	2.43778e+25	9.33659e+06	613.635	3.52721e-02	1.26099e+01	22459.032	514.9	9.00442e+08	0.41240	0	3.40041e+29	3.27668e+23	2.11944e+02
48	1.02632e+26	2.02494e+07	4.77126e+25	1.10537e+07	909.116	5.35108e-01	1.67049e+01	25116.982	806.2	1.61865e+09	0.70524	0	6.75444e+29	5.10111e+24	7.26403e+02
49	8.39583e+25	1.81314e+07	5.44932e+25	1.13869e+07	612.908	3.50949e-01	1.70446e+01	16595.960	1092.5	3.36040e+09	2.14040	0	6.56122e+29	4.54196e+24	1.52194e+02
50	1.13770e+26	1.89533e+07	7.46545e+25	1.22592e+07	843.266	3.43813e-01	2.11371e+01	18412.504	1029.4	3.13408e+08	0.09405	0	2.75685e+29	1.41566e+23	8.41083e+02
51	2.86813e+25	1.73473e+07	1.39051e+25	8.04048e+06	507.338	5.15185e-01	6.36094e+00	36810.299	471.3	1.13218e+10	10.06878	1	1.13394e+30	2.42046e+25	5.85065e+01
52	9.20517e+25	1.67061e+07	7.57824e+25	1.23012e+07	1219.988	1.76741e-01	2.20125e+01	25578.771	653.1	2.79401e+09	1.05756	1	1.54482e+30	4.92901e+25	1.80091e+03
53	6.04603e+24	1.93132e+07	2.94363e+24	5.17577e+06	1248.210	5.13130e-01	1.08180e+00	532516.333	36.3	2.31584e+09	0.84885	1	1.36541e+30	3.71065e+25	2.03938e+03
54	1.03814e+26	2.06366e+07	4.39971e+25	1.08209e+07	1170.141	5.76192e-01	1.62692e+01	33194.378	621.7	4.41366e+08	0.12249	0	4.53974e+29	1.04095e+24	2.42374e+03
55	1.05132e+26	1.82033e+07	7.50430e+25	1.22737e+07	1446.553	2.86202e-01	2.11748e+01	31528.847	577.4	1.22610e+09	0.37927	1	1.01506e+30	1.87617e+25	3.98447e+03
56	4.67726e+25	1.88471e+07	1.88140e+25	8.71462e+06	1279.288	5.97756e-01	8.78797e+00	67185.086	280.5	1.64784e+09	0.57824	1	1.06004e+30	2.07292e+25	2.40880e+03
57	5.58885e+25	1.77773e+07	3.19603e+25	9.98972e+06	1129.199	4.28142e-01	1.18025e+01	44155.839	402.6	1.04849e+09	0.36772	0	6.75221e+29	5.09436e+24	1.72923e+03
58	1.11855e+25	1.31948e+07	9.08413e+24	7.14456e+06	856.351	1.87868e-01	4.28779e+00	92174.483	143.2	1.26676e+09	0.53487	0	5.62849e+29	2.45965e+24	6.25108e+02
59	5.94558e+25	1.69914e+07	4.02121e+25	1.05730e+07	1423.945	3.23664e-01	1.37443e+01	47814.964	355.4	2.47538e+09	0.81266	1	1.81933e+30	7.18025e+25	3.20095e+03
60	7.40935e+25	1.85484e+07	4.17186e+25	1.06717e+07	1198.677	4.36946e-01	1.43733e+01	38489.277	481.9	1.40075e+08	0.02883	0	2.61985e+29	1.15455e+23	3.52480e+03
61	8.30691e+25	1.47228e+07	7.85722e+25	1.24053e+07	1408.986	5.41342e-02	2.55768e+01	25424.542	579.1	1.37385e+09	0.43804	1	1.07049e+30	2.12025e+25	3.53509e+03
62	8.39548e+25	1.87167e+07	4.88595e+25	1.11100e+07	1194.140	4.18025e-01	1.59946e+01	34456.861	543.2	4.44921e+08	0.12247	0	4.65147e+29	1.14728e+24	2.59716e+03
63	1.15874e+26	2.05054e+07	5.59450e+25	1.14582e+07	1258.889	5.17192e-01	1.83923e+01	31589.615	649.1	3.06224e+09	1.13464	1	1.76686e+30	6.71288e+25	1.97060e+03
64	5.08555e+25	1.70974e+07	3.16873e+25	9.96676e+06	641.654	3.76915e-01	1.16108e+01	25505.274	670.3	1.87056e+09	1.00582	0	5.12484e+29	1.69055e+24	2.06354e+02
65	8.31541e+25	1.58119e+07	7.27612e+25	1.21886e+07	1332.349	1.24983e-01	2.21972e+01	27702.060	570.8	2.95631e+09	1.04029	1	1.89123e+30	7.84972e+25	2.42860e+03
66	2.22230e+25	1.35476e+07	1.83396e+25	8.66159e+06	1122.133	1.74747e-01	8.08099e+00	64087.383	211.4	1.13786e+09	0.40859	0	6.99008e+29	5.85106e+24	1.65832e+03
67	7.74749e+24	1.43136e+07	5.82539e+24	6.30207e+06	1231.933	2.48093e-01	2.52375e+00	225285.675	63.5	1.64863e+09	0.59783	1	9.93151e+29	1.78434e+25	2.10841e+03
68	4.45696e+25	1.78430e+07	2.27468e+25	9.15426e+06	1134.130	4.89634e-01	9.34310e+00	56022.819	318.5	2.59721e+09	1.04249	1	1.27696e+30	3.18087e+25	1.41510e+03
69	9.98666e+25	1.86489e+07	6.47293e+25	1.18891e+07	882.505	3.51843e-01	1.91645e+01	21252.606	877.5	3.95498e+09	2.02935	1	1.18993e+30	2.70421e+25	5.28739e+02
70	5.87572e+25	1.47015e+07	5.23485e+25	1.12815e+07	567.018	1.09070e-01	1.81436e+01	14423.357	1019.3	1.57609e+10	13.00211	1	1.83450e+30	7.31867e+25	8.03056e+01
71	9.21062e+25	1.95496e+07	4.76457e+25	1.10504e+07	557.115	4.82709e-01	1.60842e+01	15985.946	1222.9	6.85750e+09	5.44105	1	8.62849e+29	1.29120e+25	9.16309e+01
72	1.01241e+26	1.50394e+07	9.73565e+25	1.30289e+07	1432.284	3.83717e-02	2.98734e+01	22127.756	679.7	2.54661e+09	0.83335	1	1.88380e+30	7.77900e+25	3.24676e+03
73	2.78842e+25	1.18090e+07	2.68140e+25	9.55691e+06	771.126	3.83810e-02	1.33450e+01	26668.564	442.8	6.46180e+09	3.84965	1	1.44218e+30	4.20814e+25	2.92759e+02
74	7.42832e+25	1.86100e+07	4.14302e+25	1.06528e+07	1396.230	4.42266e-01	1.43147e+01	45015.941	413.4	5.54471e+08	0.14913	0	6.07142e+29	3.33018e+24	4.25658e+03
75	1.16895e+26	1.75355e+07	9.51620e+25	1.29669e+07	1011.056	1.85916e-01	2.53713e+01	18391.873	953.4	8.00555e+08	0.27737	0	5.28281e+29	1.90882e+24	1.25314e+03
76	7.53187e+25	1.71797e+07	5.43362e+25	1.13792e+07	869.783	2.78582e-01	1.70317e+01	23569.231	728.9	3.80287e+09	1.97105	1	1.12135e+30	2.35912e+25	5.06953e+02
77	1.20251e+25	1.05218e+07	1.15657e+25	7.63449e+06	778.714	3.82008e-02	7.24931e+00	49576.298	212.2	4.68002e+08	0.16156	0	3.11097e+29	2.29556e+23	5.75050e+02
78	8.17582e+25	1.53749e+07	7.40559e+25	1.22369e+07	1155.155	9.42079e-02	2.30830e+01	23096.255	665.7	3.78458e+09	1.53218	1	1.82908e+30	7.26904e+25	1.38438e+03
79	2.92296e+25	1.35978e+07	2.49825e+25	9.40287e+06	1020.817	1.45302e-01	1.05504e+01	44655.069	304.5	1.80483e+09	0.76256	0	8.00865e+29	1.00820e+25	1.06383e+03
80	6.97055e+25	1.53746e+07	6.06110e+25	1.16876e+07	1077.561	1.30471e-01	1.96810e+01	25268.936	608.4	1.15528e+09	0.42495	0	6.76362e+29	5.12890e+24	1.43279e+03
81	7.63385e+25	1.89420e+07	3.99860e+25	1.05582e+07	742.040	4.76202e-01	1.41997e+01	24118.085	785.4	2.99054e+09	1.68142	0	7.49370e+29	7.72843e+24	3.06642e+02
82	1.00076e+26	1.75748e+07	7.66282e+25	1.23328e+07	506.012	2.34301e-01	2.16241e+01	10799.811	1627.3	1.19424e+10	10.68203	1	1.18241e+30	2.66505e+25	5.72476e+01
83	6.79126e+25	1.76325e+07	4.35301e+25	1.07903e+07	847.242	3.59028e-01	1.45783e+01	26822.177	657.4	4.24233e+09	2.26571	1	1.17817e+30	2.64314e+25	4.50364e+02
84	9.57340e+25	1.76337e+07	7.11670e+25	1.21291e+07	1057.392	2.56617e-01	2.05479e+01	23749.931	742.5	1.08032e+09	0.39448	0	6.41809e+29	4.15843e+24	1.36276e+03
85	1.02047e+26	1.64460e+07	8.91468e+25	1.27967e+07	549.015	1.26416e-01	2.51808e+01	10062.552	1634.4	3.30718e+08	0.12466	0	1.84377e+29	2.83228e+22	1.86021e+02
86	9.23842e+25	1.74390e+07	6.98418e+25	1.20797e+07	520.830	2.44007e-01	2.02741e+01	11856.228	1470.9	1.71462e+10	15.31354	1	1.70277e+30	6.16600e+25	5.82993e+01
87	6.64377e+25	1.83107e+07	3.71097e+25	1.03697e+07	1483.850	4.41435e-01	1.32248e+01	51783.839	353.6	7.22482e+07	0.01133	0	2.32915e+29	7.21267e+22	8.79361e+03
88	9.54047e+25	1.66142e+07	8.02200e+25	1.24667e+07	1056.507	1.59161e-01	2.30674e+01	21138.161	786.0	2.23409e+09	0.94444	1	9.90268e+29	1.77245e+25	1.14141e+03
89	1.10551e+26	2.03213e+07	5.36553e+25	1.13457e+07	1076.191	5.14655e-01	1.78667e+01	27799.512	731.0	2.07782e+08	0.04980	0	2.86475e+29	1.65065e+23	2.18781e+03
90	1.15456e+26	2.01318e+07	6.08927e+25	1.17014e+07	1167.550	4.72590e-01	1.90124e+01	28342.121	710.3	3.49056e+09	1.39273	1	1.73681e+30	6.45319e+25	1.46458e+03
91	1.11483e+26	1.79626e+07	8.46209e+25	1.26308e+07	522.115	2.40955e-01	2.30600e+01	10449.618	1719.0	9.65764e+09	8.29065	1	1.03810e+30	1.97556e+25	6.72134e+01
92	9.81756e+25	1.77996e+07	7.20392e+25	1.21617e+07	1264.509	2.66221e-01	2.06809e+01	28219.249	630.8	7.00275e+08	0.20981	0	6.17946e+29	3.57361e+24	2.83910e+03
93	2.49272e+25	1.78559e+07	1.03967e+25	7.41574e+06	1337.465	5.82916e-01	5.21790e+00	118298.700	150.9	1.19361e+09	0.39458	1	8.65223e+29	1.29938e+25	3.04135e+03
94	8.72667e+25	1.95628e+07	4.31991e+25	1.07686e+07	1409.831	5.04976e-01	1.52186e+01	42754.968	457.6	1.13363e+09	0.35676	1	9.06683e+29	1.44707e+25	3.70723e+03
95	1.84145e+25	1.58716e+07	1.10662e+25	7.54101e+06	1119.558	3.99051e-01	4.87870e+00	105909.696	149.9	2.05363e+09	0.82096	1	1.01795e+30	1.88849e+25	1.42852e+03
96	5.85890e+25	1.77996e+07	3.41531e+25	1.01741e+07	1432.881	4.17073e-01	1.23418e+01	53582.592	332.2	2.17671e+09	0.70479	1	1.64467e+30	5.69275e+25	3.37057e+03
97	8.69974e+25	1.59994e+07	7.56662e+25	1.22969e+07	847.693	1.30248e-01	2.26821e+01	17248.391	927.6	6.68528e+09	3.67620	1	1.75131e+30	6.57771e+25	4.06084e+02
98	7.30740e+24	1.42544e+07	5.56696e+24	6.22452e+06	1035.278	2.38175e-01	2.40023e+00	199066.134	71.6	1.06045e+09	0.38953	0	6.22582e+29	3.68208e+24	1.27098e+03
99	1.18795e+26	1.74462e+07	9.83702e+25	1.30576e+07	601.227	1.71935e-01	2.60485e+01	10652.429	1637.8	5.21699e+08	0.21060	0	2.53596e+29	1.01362e+23	2.26850e+02
100	1.66794e+25	1.37498e+07	1.31134e+25	7.92410e+06	1127.984	2.13799e-01	5.88810e+00	88413.891	155.5	2.48949e+09	1.00122	1	1.21920e+30	2.85966e+25	1.40199e+03
101	2.05859e+25	1.49769e+07	1.42810e+25	8.09361e+06	510.931	3.06271e-01	6.12510e+00	38498.376	389.0	1.93045e+10	17.66731	1	1.82573e+30	7.23850e+25	5.30094e+01
102	7.38869e+25	1.58893e+07	6.21035e+25	1.17609e+07	629.280	1.59478e-01	1.95320e+01	14869.303	1068.6	7.59304e+09	5.45530	1	1.16523e+30	2.57685e+25	1.37468e+02
103	9.25652e+25	1.95924e+07	4.73716e+25	1.10369e+07	1179.245	4.88235e-01	1.60937e+01	33817.412	579.4	1.22168e+09	0.43561	0	7.61162e+29	8.22650e+24	1.94124e+03
104	3.30211e+25	1.23627e+07	3.13756e+25	9.94054e+06	1292.115	4.98320e-02	1.44194e+01	41356.692	298.9	2.63238e+09	0.94416	1	1.62090e+30	5.50531e+25	2.23738e+03
105	1.83628e+25	1.44501e+07	1.34522e+25	7.97647e+06	1262.470	2.67426e-01	5.86931e+00	99271.959	145.6	2.87783e+09	1.05938	1	1.68226e+30	5.99646e+25	2.01908e+03
106	7.91563e+25	1.83609e+07	4.79072e+25	1.10632e+07	616.415	3.94777e-01	1.56705e+01	18154.475	1011.4	3.44569e+09	2.20223	0	6.68198e+29	4.88571e+24	1.54336e+02
107	1.13971e+26	2.09500e+07	4.80027e+25	1.10679e+07	1282.176	5.78816e-01	1.73306e+01	34145.043	613.6	1.63497e+09	0.57231	1	1.05698e+30	2.05917e+25	2.43254e+03
108	1.12781e+26	1.77629e+07	8.80944e+25	1.27603e+07	1307.607	2.18889e-01	2.38558e+01	25297.451	702.2	7.92128e+08	0.24069	0	6.79624e+29	5.22855e+24	3.09964e+03
109	8.80553e+25	1.43421e+07	8.61219e+25	1.26868e+07	1088.877	2.19562e-02	2.85702e+01	17589.691	815.4	2.16500e+09	0.88970	1	1.01551e+30	1.87807e+25	1.27908e+03
110	1.09048e+26	2.04900e+07	5.01032e+25	1.11711e+07	1373.089	5.40539e-01	1.73347e+01	36557.348	560.5	6.82463e+08	0.19496	0	6.62418e+29	4.71883e+24	3.81592e+03
111	5.40013e+25	1.36419e+07	5.08303e+25	1.12069e+07	892.360	5.87210e-02	1.93661e+01	21266.225	641.5	3.69975e+09	1.87198	1	1.14476e+30	2.47393e+25	5.58551e+02
112	2.93646e+25	1.78722e+07	1.26910e+25	7.84506e+06	1215.285	5.67814e-01	6.13556e+00	91414.843	195.5	1.68768e+09	0.62022	1	9.89870e+29	1.77081e+25	1.99853e+03
113	7.67046e+25	1.89213e+07	4.07330e+25	1.06071e+07	553.645	4.68964e-01	1.42990e+01	17869.716	1058.8	6.03505e+09	4.68209	0	7.94265e+29	9.75367e+24	9.24109e+01
114	9.96574e+24	1.73011e+07	5.01029e+24	6.05007e+06	1300.609	4.97249e-01	2.22203e+00	270140.521	64.0	3.39238e+09	1.23002	1	2.04406e+30	9.38594e+25	2.16093e+03
115	1.71525e+25	1.48810e+07	1.17889e+25	7.67626e+06	871.131	3.12699e-01	5.16950e+00	77772.875	191.3	5.56035e+08	0.18947	0	3.79340e+29	5.07481e+23	8.14573e+02
116	5.13806e+25	1.59447e+07	3.84262e+25	1.04560e+07	1304.420	2.52126e-01	1.34882e+01	44633.089	357.2	1.81610e+09	0.63059	1	1.19326e+30	2.72166e+25	2.52183e+03
117	8.53865e+25	1.56893e+07	7.61687e+25	1.23156e+07	954.967	1.07954e-01	2.31509e+01	19037.677	824.1	5.86376e+09	2.88232	1	1.92241e+30	8.15055e+25	6.38229e+02
118	3.26941e+25	1.54379e+07	2.31935e+25	9.20419e+06	1419.392	2.90591e-01	9.15545e+00	71550.975	215.8	8.05933e+08	0.23606	0	7.44124e+29	7.51430e+24	4.11906e+03
119	7.10354e+25	1.55083e+07	6.13016e+25	1.17215e+07	1425.650	1.37028e-01	1.97120e+01	33379.142	464.6	8.93999e+08	0.26814	0	7.87182e+29	9.41039e+24	4.08050e+03
120	2.11213e+25	1.41236e+07	1.63361e+25	8.38405e+06	1376.943	2.26555e-01	7.06669e+00	89927.539	157.1	1.47723e+09	0.48280	1	1.09549e+30	2.23585e+25	3.20424e+03
121	8.51801e+25	1.40848e+07	8.40941e+25	1.26112e+07	635.875	1.27501e-02	2.86564e+01	10241.031	1375.3	6.36522e+09	4.48005	1	1.01783e+30	1.88797e+25	1.48662e+02
122	1.13845e+26	2.00707e+07	6.01039e+25	1.16626e+07	778.005	4.72056e-01	1.88615e+01	19037.079	1054.3	3.99991e+09	2.29181	1	9.65151e+29	1.67075e+25	3.37998e+02
123	5.78280e+25	1.31091e+07	5.67303e+25	1.14968e+07	1201.643	1.89813e-02	2.24585e+01	24693.851	530.9	4.85165e+08	0.13604	0	4.88781e+29	1.39882e+24	2.59831e+03
124	1.01725e+26	1.47898e+07	9.93308e+25	1.30848e+07	755.014	2.35346e-02	3.10375e+01	11226.940	1317.4	3.65356e+09	2.14103	0	8.42765e+29	1.23633e+25	3.10690e+02
125	1.73198e+25	1.61502e+07	9.93916e+24	7.33011e+06	1322.875	4.26138e-01	4.43172e+00	137765.276	117.2	1.49548e+08	0.02978	0	2.98746e+29	1.95216e+23	4.88912e+03
126	4.44556e+25	1.78712e+07	2.23745e+25	9.11265e+06	793.127	4.96699e-01	9.28982e+00	39402.923	453.5	6.40749e+08	0.23708	0	3.70749e+29	4.63050e+23	5.66212e+02
127	7.95238e+25	1.86759e+07	4.53678e+25	1.09107e+07	969.561	4.29507e-01	1.52168e+01	29406.691	635.1	2.26800e+09	1.03414	1	8.64126e+29	1.29560e+25	8.40210e+02
128	1.82062e+25	1.56437e+07	1.13239e+25	7.58924e+06	1143.164	3.78020e-01	4.96511e+00	106260.634	147.2	4.29393e+09	1.76875	1	2.00464e+30	8.97484e+25	1.29627e+03
129	6.66873e+24	1.71074e+07	3.82240e+24	5.59013e+06	640.754	4.26818e-01	1.52076e+00	194456.496	88.0	5.26309e+09	3.63446	1	8.74271e+29	1.33085e+25	1.59759e+02
130	9.78577e+24	1.86642e+07	3.93465e+24	5.63360e+06	1372.136	5.97921e-01	1.87483e+00	337775.545	55.3	1.39421e+09	0.45534	1	1.03544e+30	1.96393e+25	3.20834e+03
131	3.03410e+25	1.44402e+07	2.39556e+25	9.28939e+06	895.341	2.10455e-01	9.71120e+00	42550.895	339.4	1.97747e+09	0.91274	0	7.35253e+29	7.16233e+24	6.55921e+02
132	3.77252e+25	1.42585e+07	3.17164e+25	9.96921e+06	1408.342	1.59279e-01	1.23843e+01	52484.486	271.7	6.32607e+08	0.17509	0	6.54137e+29	4.48727e+24	4.24903e+03
133	3.15129e+25	1.79472e+07	1.36604e+25	8.00590e+06	1247.430	5.66515e-01	6.52953e+00	88171.215	203.5	2.35232e+09	0.86357	1	1.38259e+30	3.81890e+25	2.02750e+03
134	1.07171e+26	1.86241e+07	7.21854e+25	1.21671e+07	736.970	3.26444e-01	2.06211e+01	16494.202	1129.1	4.94638e+09	3.01227	1	1.05651e+30	2.05710e+25	2.65533e+02
135	2.11787e+25	1.58615e+07	1.29322e+25	7.89019e+06	1200.175	3.89380e-01	5.61820e+00	98591.754	160.9	2.22719e+09	0.84255	1	1.23277e+30	2.93342e+25	1.79151e+03
136	6.44623e+25	1.87809e+07	3.18331e+25	9.97902e+06	571.047	5.06175e-01	1.21972e+01	21607.543	869.2	3.63099e+08	0.13737	0	2.00945e+29	3.99593e+22	2.08198e+02
137	4.97939e+25	1.75192e+07	2.85331e+25	9.70148e+06	518.592	4.26976e-01	1.08276e+01	22104.792	792.6	2.21370e+09	1.38099	0	4.50587e+29	1.01023e+24	9.38545e+01
138	6.66457e+25	1.69323e+07	4.75130e+25	1.10438e+07	987.705	2.87081e-01	1.55141e+01	29382.773	576.3	5.48825e+09	2.60853	1	1.92447e+30	8.17067e+25	7.30146e+02
139	4.13629e+25	1.68119e+07	2.51380e+25	9.41595e+06	1104.506	3.92258e-01	9.76708e+00	52191.100	322.1	9.92072e+08	0.34698	0	6.42441e+29	4.17484e+24	1.62158e+03
140	5.94611e+25	1.81907e+07	3.21679e+25	1.00072e+07	1316.855	4.59010e-01	1.19928e+01	50676.921	359.0	2.65273e+09	0.93637	1	1.68651e+30	6.03142e+25	2.38853e+03
141	1.08094e+26	1.94198e+07	6.32692e+25	1.18182e+07	1180.073	4.14685e-01	1.91294e+01	28470.924	682.1	1.24425e+09	0.44554	0	7.68700e+29	8.55723e+24	1.93751e+03
142	3.40781e+25	1.43297e+07	2.79013e+25	9.64835e+06	1474.436	1.81255e-01	1.10761e+01	61437.217	233.2	1.97407e+09	0.61953	1	1.58770e+30	5.24941e+25	3.81434e+03
143	5.13242e+25	1.48878e+07	4.32975e+25	1.07751e+07	1049.473	1.56393e-01	1.54541e+01	31341.469	475.0	1.52348e+08	0.03422	0	2.39212e+29	8.02493e+22	2.17029e+03
144	1.07328e+26	1.94507e+07	6.23177e+25	1.17714e+07	1291.603	4.19372e-01	1.89334e+01	31484.252	617.8	1.94918e+09	0.68578	1	1.24733e+30	3.01371e+25	2.39545e+03
145	1.08839e+26	1.89755e+07	6.94661e+25	1.20657e+07	1030.954	3.61752e-01	2.01735e+01	23585.790	804.5	3.14863e+08	0.08555	0	3.37827e+29	3.19214e+23	1.69424e+03
146	5.96728e+25	1.78666e+07	3.46554e+25	1.02090e+07	564.070	4.19243e-01	1.24761e+01	20866.346	856.2	1.72639e+10	14.39198	1	1.96779e+30	8.59985e+25	7.72149e+01
147	8.10827e+25	1.78604e+07	5.40982e+25	1.13675e+07	975.564	3.32802e-01	1.69642e+01	26540.949	672.9	5.59827e+08	0.18057	0	4.26262e+29	8.09116e+23	1.20839e+03
148	1.07303e+26	1.56149e+07	1.00611e+26	1.31210e+07	1249.979	6.23684e-02	2.93712e+01	19641.490	795.0	9.60244e+08	0.31313	0	7.15299e+29	6.41588e+24	2.52504e+03
149	3.34272e+25	1.76397e+07	1.58312e+25	8.31269e+06	707.263	5.26397e-01	7.16971e+00	45527.313	387.5	8.42428e+09	5.50503	1	1.56272e+30	5.06139e+25	2.02798e+02
150	1.12250e+26	2.03794e+07	5.44760e+25	1.13861e+07	1031.645	5.14690e-01	1.80380e+01	26395.820	772.1	4.80695e+09	2.18092	1	1.84982e+30	7.46006e+25	8.78071e+02
151	6.10455e+25	1.90065e+07	2.75530e+25	9.61906e+06	1157.927	5.48647e-01	1.12780e+01	47384.999	401.1	1.65411e+09	0.63316	1	8.94285e+29	1.40196e+25	1.69332e+03
152	4.07276e+25	1.80043e+07	1.90570e+25	8.74179e+06	870.720	5.32086e-01	8.38542e+00	47923.263	375.7	2.17592e+09	1.04308	0	7.50056e+29	7.75678e+24	5.81091e+02
153	2.51770e+25	1.21762e+07	2.34691e+25	9.23500e+06	1266.250	6.78364e-02	1.13335e+01	51564.124	236.1	8.59023e+08	0.27068	0	6.85355e+29	5.40717e+24	2.71465e+03
154	1.76332e+25	1.24060e+07	1.57240e+25	8.29754e+06	1351.621	1.08271e-01	7.64627e+00	81582.783	152.1	9.51755e+07	0.01675	0	2.43507e+29	8.61691e+22	5.91660e+03
155	7.91652e+25	1.97098e+07	3.48648e+25	1.02227e+07	903.078	5.59595e-01	1.36005e+01	30645.212	643.2	4.54559e+08	0.14465	0	3.55561e+29	3.91709e+23	9.72024e+02
156	1.61467e+25	1.03686e+07	1.59422e+25	8.32838e+06	1005.082	1.26603e-02	1.00237e+01	46277.077	224.1	2.88140e+09	1.29339	1	1.13280e+30	2.41487e+25	9.01443e+02
157	4.48970e+25	1.64801e+07	2.97962e+25	9.80771e+06	930.835	3.36345e-01	1.10327e+01	38938.773	423.2	6.19063e+09	3.12251	1	1.92752e+30	8.20053e+25	5.75720e+02
158	7.46063e+25	1.40539e+07	7.21734e+25	1.21667e+07	1469.823	3.26097e-02	2.52096e+01	26908.686	522.3	2.14061e+09	0.67719	1	1.69429e+30	6.09560e+25	3.70264e+03
159	4.59591e+25	1.72218e+07	2.69075e+25	9.56477e+06	668.549	4.14533e-01	1.03420e+01	29834.837	577.2	1.05480e+10	7.34555	1	1.72293e+30	6.33515e+25	1.57784e+02
160	3.69694e+25	1.45922e+07	2.99077e+25	9.81709e+06	774.335	1.91015e-01	1.15875e+01	30841.253	473.1	8.40670e+09	5.07665	1	1.82610e+30	7.24185e+25	2.79639e+02
161	1.03160e+26	1.70637e+07	8.46647e+25	1.26325e+07	1453.845	1.79288e-01	2.36456e+01	28376.609	601.3	3.95193e+08	0.09571	0	5.33724e+29	1.98872e+24	5.33060e+03
162	2.46060e+25	1.66305e+07	1.33568e+25	7.96300e+06	887.928	4.57171e-01	5.93765e+00	69017.050	241.0	2.24906e+09	1.07651	0	7.77629e+29	8.96182e+24	6.17609e+02
163	7.34975e+24	1.87919e+07	3.37459e+24	5.38438e+06	844.622	5.40856e-01	1.38905e+00	280631.566	67.0	2.47489e+09	1.24399	0	7.75951e+29	8.88471e+24	5.06175e+02
164	6.51792e+25	1.51403e+07	5.70839e+25	1.15142e+07	580.541	1.24200e-01	1.89769e+01	14118.914	1072.3	7.17621e+09	5.50990	1	9.64275e+29	1.66726e+25	1.04815e+02
165	2.72292e+25	1.69897e+07	1.41246e+25	8.07150e+06	1169.898	4.81271e-01	6.29579e+00	85761.255	198.1	3.96406e+09	1.59205	1	1.94675e+30	8.38984e+25	1.43279e+03
166	7.67281e+25	1.91538e+07	3.85303e+25	1.04628e+07	1272.100	4.97833e-01	1.39583e+01	42061.328	455.4	3.30646e+09	1.22015	1	1.92338e+30	8.16005e+25	2.00932e+03
167	1.38195e+25	1.69664e+07	6.82085e+24	6.60081e+06	514.260	5.06433e-01	3.20403e+00	74076.135	229.0	1.36923e+10	12.18442	1	1.36967e+30	3.73733e+25	5.87106e+01
168	6.03175e+25	1.91214e+07	2.62250e+25	9.50737e+06	1352.076	5.65218e-01	1.10100e+01	56676.797	337.4	1.34930e+09	0.44539	1	9.80921e+29	1.73420e+25	3.06954e+03
169	1.12295e+26	1.82188e+07	8.23675e+25	1.25468e+07	1282.489	2.66507e-01	2.25790e+01	26214.539	695.0	2.07656e+09	0.73815	1	1.30179e+30	3.32494e+25	2.30202e+03
170	2.24468e+25	1.48895e+07	1.59526e+25	8.32984e+06	1275.240	2.89319e-01	6.75740e+00	87097.419	171.0	1.87764e+09	0.66635	1	1.18095e+30	2.65749e+25	2.31007e+03
171	1.15630e+26	2.09252e+07	4.97053e+25	1.11516e+07	583.470	5.70135e-01	1.76245e+01	15278.989	1369.5	4.94348e+09	3.55415	0	7.57580e+29	8.07272e+24	1.16606e+02
172	3.67829e+25	1.47400e+07	2.92937e+25	9.76545e+06	1044.490	2.03607e-01	1.12990e+01	42663.637	345.5	4.92324e+09	2.21323	1	1.92976e+30	8.22245e+25	9.12442e+02
173	3.69700e+25	1.74944e+07	1.87252e+25	8.70470e+06	806.845	4.93503e-01	8.06191e+00	46189.702	378.8	1.94152e+09	0.93970	0	6.56531e+29	4.55331e+24	4.56927e+02
174	1.56427e+25	1.43727e+07	1.14235e+25	7.60787e+06	1196.464	2.69723e-01	5.05384e+00	109262.587	131.5	2.86743e+09	1.10575	1	1.52745e+30	4.80249e+25	1.67098e+03
175	6.56870e+25	1.38571e+07	6.29457e+25	1.18023e+07	1184.587	4.17335e-02	2.28307e+01	23946.427	578.7	2.04162e+09	0.77676	1	1.11726e+30	2.33936e+25	1.74590e+03
176	8.90259e+25	1.96096e+07	4.39232e+25	1.08161e+07	801.852	5.06624e-01	1.54514e+01	23950.793	818.7	2.05281e+09	1.01063	0	6.70907e+29	4.96542e+24	4.41059e+02
177	1.57500e+25	1.46350e+07	1.11745e+25	7.56128e+06	1225.777	2.90505e-01	4.90774e+00	115271.647	127.0	8.01761e+08	0.25238	0	6.40955e+29	4.13635e+24	2.46265e+03
178	5.21008e+25	1.75381e+07	3.02449e+25	9.84545e+06	1130.794	4.19492e-01	1.13048e+01	46164.935	379.9	3.36976e+08	0.08892	0	3.83333e+29	5.29192e+23	2.30061e+03
179	1.06413e+26	1.47737e+07	1.04889e+26	1.32420e+07	1487.154	1.43251e-02	3.25392e+01	21093.199	700.4	1.90320e+09	0.59143	1	1.56117e+30	5.04981e+25	3.96534e+03
180	5.36803e+25	1.89261e+07	2.29035e+25	9.17178e+06	1267.169	5.73334e-01	1.00018e+01	58472.087	323.7	2.68477e+09	0.98067	1	1.59395e+30	5.29707e+25	2.07875e+03
181	6.82884e+25	1.77981e+07	4.26727e+25	1.07341e+07	629.939	3.75111e-01	1.43875e+01	20207.157	880.8	9.75081e+09	7.11431	1	1.45097e+30	4.26734e+25	1.30167e+02
182	9.19300e+25	1.96804e+07	4.55928e+25	1.09254e+07	921.560	5.04049e-01	1.58408e+01	26849.714	733.0	9.94644e+07	0.02143	0	1.69727e+29	2.03381e+22	1.54198e+03
183	1.46136e+25	1.71947e+07	6.88633e+24	6.62047e+06	546.002	5.28774e-01	3.29880e+00	76388.974	225.1	1.83584e+10	15.80711	1	1.96157e+30	8.53747e+25	6.78432e+01
184	1.05053e+26	1.93935e+07	6.09963e+25	1.17065e+07	982.904	4.19375e-01	1.86416e+01	24334.452	797.0	5.14441e+09	2.44515	1	1.80384e+30	7.04039e+25	7.28326e+02
185	1.97925e+25	1.75088e+07	8.73772e+24	7.06312e+06	1191.858	5.58534e-01	4.30898e+00	127656.714	137.2	2.50111e+09	0.95914	1	1.34721e+30	3.59787e+25	1.70139e+03
186	5.87026e+25	1.86206e+07	2.86277e+25	9.70944e+06	509.463	5.12327e-01	1.12994e+01	20808.935	894.8	4.87285e+09	3.73574	0	6.56747e+29	4.55930e+24	7.26220e+01
187	3.32030e+25	1.34694e+07	2.93608e+25	9.77109e+06	770.178	1.15719e-01	1.22142e+01	29101.714	462.8	9.30488e+09	5.68291	1	1.97603e+30	8.68296e+25	2.68077e+02
188	5.48082e+25	1.50403e+07	4.63927e+25	1.09778e+07	1001.950	1.53545e-01	1.61703e+01	28597.078	525.9	4.74369e+09	2.20568	1	1.73808e+30	6.46398e+25	7.94170e+02
189	6.72652e+25	1.61053e+07	5.37450e+25	1.13501e+07	1054.116	2.00999e-01	1.73077e+01	28108.857	573.0	2.42787e+09	1.03398	1	1.06036e+30	2.07438e+25	1.11031e+03
190	5.43823e+25	1.72869e+07	3.36893e+25	1.01351e+07	839.260	3.80511e-01	1.21453e+01	31891.921	542.0	7.52121e+09	4.20417	1	1.90680e+30	7.99913e+25	3.81537e+02
191	4.36168e+25	1.59784e+07	3.08218e+25	9.89397e+06	692.519	2.93349e-01	1.14019e+01	28031.690	570.0	4.09328e+09	2.57678	0	8.18203e+29	1.09838e+25	2.23028e+02
192	5.43238e+25	1.46764e+07	4.75786e+25	1.10471e+07	539.323	1.24167e-01	1.68321e+01	14787.821	992.5	8.01246e+08	0.38018	0	2.81920e+29	1.54814e+23	1.39126e+02
193	2.90157e+25	1.60833e+07	1.80700e+25	8.62909e+06	1068.003	3.77233e-01	7.48630e+00	65841.295	244.3	1.04742e+08	0.02124	0	2.01849e+29	4.06829e+22	2.54138e+03
194	1.89853e+25	1.60981e+07	1.09750e+25	7.52394e+06	590.160	4.21923e-01	4.88941e+00	55706.550	289.0	2.70848e+08	0.09368	0	1.79360e+29	2.53637e+22	2.51970e+02
195	1.07337e+26	1.84704e+07	7.43513e+25	1.22479e+07	1127.823	3.07308e-01	2.09981e+01	24788.733	745.1	1.71413e+09	0.67290	1	8.81131e+29	1.35499e+25	1.53016e+03
196	6.51944e+25	1.46320e+07	5.94205e+25	1.16291e+07	798.215	8.85644e-02	2.03230e+01	18126.974	807.2	2.37479e+08	0.06834	0	2.27157e+29	6.52543e+22	7.45929e+02
197	9.04673e+25	1.53098e+07	8.38732e+25	1.26029e+07	1146.168	7.28903e-02	2.57597e+01	20535.296	745.5	4.35123e+09	1.78981	1	2.03716e+30	9.31319e+25	1.30446e+03
198	4.62467e+25	1.34664e+07	4.30430e+25	1.07584e+07	1321.524	6.92737e-02	1.70202e+01	35834.713	375.8	1.98441e+09	0.68521	1	1.31839e+30	3.42329e+25	2.58654e+03
199	1.45555e+25	1.38300e+07	1.11879e+25	7.56378e+06	684.783	2.31364e-01	5.07887e+00	62227.024	222.3	4.99091e+09	3.24173	1	9.37103e+29	1.56118e+25	2.04496e+02
200	4.83364e+25	1.73580e+07	2.81730e+25	9.67120e+06	1420.064	4.17148e-01	1.07069e+01	61212.264	283.6	2.39408e+09	0.78612	1	1.75889e+30	6.64337e+25	3.19447e+03
